time,open,high,low,close,volume
09:30,1.44,1.44,1.41,1.41,15974
09:31,1.42,1.42,1.4,1.4,11049
09:32,1.4,1.41,1.4,1.401,4509
09:33,1.35,1.35,1.35,1.35,682
09:34,1.3869,1.3869,1.35,1.35,1993
09:35,1.35,1.35,1.35,1.35,2010
09:38,1.37,1.37,1.37,1.37,273
09:42,1.3811,1.3811,1.3811,1.3811,126
09:45,1.37,1.4,1.34,1.34,5230
09:47,1.34,1.34,1.3399,1.3399,2200
09:48,1.32,1.34,1.32,1.34,3034
09:49,1.35,1.35,1.35,1.35,320
09:51,1.33,1.33,1.33,1.33,635
09:52,1.35,1.35,1.35,1.35,190
09:53,1.35,1.35,1.345,1.345,301
09:58,1.33,1.33,1.31,1.31,6386
09:59,1.3,1.3,1.3,1.3,630
10:00,1.3,1.3,1.3,1.3,221
10:01,1.315,1.315,1.315,1.315,201
10:02,1.315,1.315,1.305,1.31,1693
10:05,1.31,1.31,1.31,1.31,631
10:06,1.305,1.3235,1.305,1.315,908
10:09,1.3207,1.3207,1.3207,1.3207,220
10:11,1.32,1.32,1.32,1.32,696
10:14,1.3,1.3,1.3,1.3,600
10:20,1.3,1.3,1.3,1.3,400
10:21,1.3005,1.3005,1.3005,1.3005,2500
10:22,1.3199,1.3199,1.31,1.31,2000
10:27,1.31,1.31,1.31,1.31,208
10:28,1.3,1.3,1.3,1.3,630
10:34,1.3149,1.32,1.3,1.3,600
10:35,1.305,1.305,1.305,1.305,100
10:36,1.3001,1.3056,1.3001,1.3056,5150
10:37,1.305,1.305,1.305,1.305,1100
10:38,1.305,1.31,1.305,1.31,349
10:39,1.3092,1.3094,1.3,1.3,1252
10:40,1.305,1.305,1.305,1.305,630
10:43,1.305,1.31,1.305,1.305,1036
10:46,1.3092,1.3092,1.3092,1.3092,100
10:47,1.3,1.3,1.29,1.295,2462
10:50,1.29,1.29,1.282,1.282,2125
10:51,1.28,1.28,1.2702,1.2702,3219
10:53,1.2858,1.2858,1.2858,1.2858,224
10:55,1.29,1.29,1.29,1.29,2020
10:57,1.27,1.27,1.25,1.25,4450
10:58,1.25,1.25,1.25,1.25,205
10:59,1.24,1.24,1.24,1.24,891
11:00,1.25,1.265,1.25,1.25,7002
11:02,1.2785,1.2785,1.2785,1.2785,125
11:03,1.26,1.26,1.26,1.26,680
11:04,1.2757,1.2757,1.2757,1.2757,300
11:06,1.2784,1.2784,1.2784,1.2784,127
11:07,1.27,1.27,1.27,1.27,665
11:15,1.275,1.275,1.275,1.275,1510
11:16,1.27,1.27,1.27,1.27,3220
11:22,1.26,1.26,1.26,1.26,153
11:23,1.27,1.27,1.27,1.27,1000
11:24,1.28,1.32,1.27,1.32,3360
11:26,1.28,1.28,1.28,1.28,100
11:28,1.26,1.26,1.26,1.26,719
11:30,1.26,1.26,1.26,1.26,641
11:31,1.25,1.25,1.25,1.25,630
11:34,1.25,1.25,1.25,1.25,847
11:37,1.24,1.24,1.24,1.24,2032
11:39,1.24,1.24,1.2202,1.2202,4100
11:40,1.2202,1.23,1.2202,1.23,6191
11:41,1.225,1.2298,1.225,1.225,372
11:42,1.2298,1.2298,1.22,1.225,815
11:43,1.225,1.225,1.225,1.225,120
11:44,1.229,1.229,1.229,1.229,200
11:45,1.225,1.23,1.225,1.23,872
11:46,1.24,1.2435,1.24,1.2435,200
11:47,1.235,1.24,1.235,1.24,467
11:50,1.2397,1.2397,1.22,1.235,800
11:51,1.235,1.235,1.235,1.235,100
11:52,1.25,1.25,1.235,1.235,310
11:53,1.2414,1.2414,1.2414,1.2414,100
11:55,1.235,1.235,1.235,1.235,175
11:56,1.235,1.235,1.235,1.235,141
11:59,1.2357,1.24,1.2357,1.24,2231
12:02,1.23,1.23,1.23,1.23,668
12:04,1.23,1.23,1.23,1.23,130
12:13,1.2395,1.2395,1.2305,1.2305,2030
12:14,1.235,1.24,1.235,1.235,1160
12:16,1.235,1.235,1.235,1.235,100
12:17,1.235,1.235,1.235,1.235,1001
12:19,1.23,1.235,1.23,1.235,730
12:22,1.235,1.235,1.235,1.235,1300
12:25,1.2372,1.2372,1.2372,1.2372,400
12:26,1.235,1.235,1.235,1.235,116
12:27,1.235,1.235,1.235,1.235,1650
12:28,1.235,1.235,1.235,1.235,1000
12:30,1.235,1.235,1.235,1.235,200
12:36,1.2399,1.2399,1.235,1.235,670
12:39,1.2394,1.2394,1.2394,1.2394,300
12:51,1.235,1.235,1.235,1.235,1731
12:52,1.24,1.24,1.24,1.24,190
12:53,1.235,1.235,1.235,1.235,140
13:02,1.2303,1.2303,1.2303,1.2303,400
13:03,1.2395,1.2395,1.23,1.23,2000
13:06,1.2395,1.2395,1.2395,1.2395,600
13:07,1.235,1.24,1.235,1.235,1461
13:08,1.24,1.24,1.24,1.24,1024
13:09,1.235,1.2399,1.235,1.2399,773
13:11,1.235,1.3,1.235,1.3,3182
13:17,1.25,1.2595,1.25,1.2595,340
13:19,1.259,1.259,1.24,1.24,2200
13:23,1.25,1.25,1.25,1.25,406
13:24,1.25,1.25,1.25,1.25,628
13:31,1.26,1.26,1.25,1.2593,2210
13:32,1.2501,1.255,1.2501,1.255,1111
13:35,1.255,1.255,1.255,1.255,100
13:36,1.25,1.25,1.25,1.25,630
13:37,1.25,1.2501,1.24,1.25,2041
13:48,1.2557,1.2557,1.2557,1.2557,200
13:49,1.24,1.24,1.24,1.24,640
14:01,1.2499,1.2499,1.23,1.23,4745
14:03,1.235,1.235,1.235,1.235,200
14:10,1.2392,1.2392,1.2392,1.2392,100
14:11,1.23,1.23,1.23,1.23,640
14:19,1.2395,1.2395,1.2395,1.2395,850
14:21,1.2399,1.24,1.235,1.24,1722
14:34,1.245,1.245,1.245,1.245,1100
14:37,1.24,1.24,1.24,1.24,600
14:40,1.249,1.249,1.23,1.23,1975
14:42,1.23,1.23,1.23,1.23,294
14:52,1.2301,1.2301,1.2301,1.2301,365
14:53,1.246,1.246,1.246,1.246,500
14:56,1.24,1.2401,1.24,1.24,5469
14:57,1.235,1.2398,1.235,1.2398,1030
14:58,1.235,1.29,1.235,1.29,5604
14:59,1.26,1.27,1.26,1.2699,750
15:03,1.2643,1.2643,1.25,1.25,700
15:04,1.25,1.25,1.2311,1.2311,3006
15:06,1.245,1.2499,1.245,1.2499,2200
15:08,1.245,1.25,1.245,1.25,401
15:10,1.25,1.25,1.245,1.245,7650
15:11,1.24,1.269,1.24,1.269,5800
15:21,1.265,1.27,1.265,1.2699,1000
15:23,1.265,1.265,1.265,1.265,235
15:25,1.2695,1.2695,1.26,1.265,2108
15:27,1.265,1.265,1.265,1.265,314
15:29,1.2628,1.265,1.2628,1.265,552
15:31,1.26,1.26,1.26,1.26,2050
15:36,1.25,1.25,1.24,1.24,904
15:39,1.2301,1.2301,1.2301,1.2301,150
15:45,1.235,1.235,1.235,1.235,201
15:47,1.235,1.26,1.235,1.26,5524
15:49,1.25,1.25,1.25,1.25,4232
15:50,1.25,1.25,1.25,1.25,413
15:51,1.25,1.2598,1.25,1.2598,5546
15:52,1.24,1.24,1.24,1.24,1012
15:53,1.245,1.2458,1.245,1.245,1555
15:54,1.245,1.245,1.245,1.245,133
15:55,1.25,1.265,1.25,1.265,3169
15:58,1.26,1.26,1.26,1.26,805
15:59,1.2643,1.265,1.26,1.265,1030
09:30,1.38,1.38,1.3388,1.3388,9378
09:31,1.32,1.34,1.32,1.32,10129
09:32,1.3332,1.3332,1.3332,1.3332,101
09:33,1.3,1.32,1.3,1.32,2777
09:34,1.3299,1.3299,1.3076,1.3076,2100
09:35,1.33,1.33,1.33,1.33,2002
09:38,1.3276,1.3276,1.3276,1.3276,500
09:39,1.315,1.315,1.315,1.315,351
09:40,1.315,1.32,1.315,1.32,600
09:41,1.3001,1.3001,1.3001,1.3001,1000
09:42,1.3,1.3,1.3,1.3,9181
09:43,1.295,1.295,1.295,1.295,1874
09:46,1.29,1.29,1.29,1.29,220
09:48,1.2995,1.2997,1.2995,1.2997,600
09:51,1.295,1.3,1.295,1.3,3000
09:58,1.295,1.295,1.295,1.295,350
10:00,1.295,1.295,1.295,1.295,174
10:01,1.295,1.295,1.295,1.295,4001
10:02,1.2981,1.2981,1.2981,1.2981,3000
10:03,1.295,1.295,1.29,1.295,2715
10:08,1.29,1.3,1.29,1.29,1991
10:14,1.287,1.287,1.27,1.27,1304
10:22,1.27,1.27,1.27,1.27,100
10:25,1.27,1.27,1.27,1.27,300
10:30,1.27,1.28,1.27,1.27,1410
10:35,1.27,1.27,1.27,1.27,100
10:36,1.27,1.27,1.27,1.27,100
10:39,1.27,1.27,1.27,1.27,100
10:44,1.27,1.27,1.27,1.27,400
10:47,1.27,1.27,1.27,1.27,200
10:48,1.2743,1.28,1.27,1.28,5250
10:52,1.27,1.27,1.27,1.27,200
10:53,1.27,1.27,1.27,1.27,100
10:56,1.27,1.27,1.27,1.27,200
10:57,1.27,1.27,1.27,1.27,200
10:58,1.27,1.27,1.27,1.27,200
10:59,1.27,1.27,1.27,1.27,100
11:01,1.27,1.27,1.27,1.27,100
11:02,1.27,1.27,1.27,1.27,100
11:05,1.27,1.27,1.27,1.27,100
11:06,1.2863,1.2863,1.27,1.27,1400
11:09,1.27,1.27,1.27,1.27,600
11:10,1.28,1.28,1.27,1.28,1000
11:11,1.28,1.28,1.27,1.271,1300
11:12,1.28,1.28,1.28,1.28,100
11:13,1.28,1.28,1.27,1.28,2653
11:14,1.27,1.27,1.27,1.27,408
11:16,1.27,1.27,1.27,1.27,501
11:21,1.27,1.28,1.25,1.25,9224
11:22,1.26,1.26,1.2501,1.26,4600
11:29,1.27,1.27,1.25,1.25,3158
11:30,1.25,1.25,1.25,1.25,1400
11:32,1.2501,1.2501,1.2501,1.2501,200
11:35,1.25,1.25,1.25,1.25,200
11:40,1.25,1.25,1.25,1.25,100
11:44,1.26,1.27,1.25,1.26,8800
11:50,1.26,1.26,1.26,1.26,250
11:51,1.2691,1.2691,1.25,1.25,1700
11:55,1.25,1.25,1.25,1.25,110
11:57,1.26,1.2673,1.2524,1.2524,550
11:59,1.25,1.25,1.25,1.25,110
12:03,1.26,1.26,1.26,1.26,2096
12:04,1.25,1.25,1.25,1.25,110
12:05,1.26,1.26,1.25,1.25,458
12:07,1.2687,1.2687,1.2687,1.2687,210
12:09,1.25,1.25,1.25,1.25,135
12:10,1.25,1.25,1.25,1.25,110
12:11,1.25,1.25,1.25,1.25,5197
12:12,1.2596,1.2596,1.2505,1.2505,2000
12:14,1.255,1.255,1.255,1.255,100
12:17,1.26,1.26,1.255,1.255,200
12:19,1.2595,1.2595,1.2505,1.2505,2000
12:21,1.26,1.26,1.26,1.26,100
12:29,1.25,1.2595,1.25,1.255,3100
12:33,1.2507,1.2507,1.2507,1.2507,400
12:44,1.2595,1.2595,1.255,1.255,3400
12:52,1.25,1.26,1.25,1.255,5145
12:53,1.255,1.255,1.255,1.255,1211
12:54,1.2505,1.2595,1.2505,1.2595,2000
13:01,1.25,1.25,1.24,1.24,1738
13:07,1.249,1.25,1.23,1.23,3500
13:12,1.24,1.24,1.24,1.24,400
13:13,1.23,1.23,1.23,1.23,487
13:20,1.24,1.24,1.24,1.24,1000
13:21,1.24,1.24,1.23,1.23,2000
13:24,1.24,1.24,1.24,1.24,125
13:25,1.24,1.24,1.24,1.24,1080
13:30,1.2378,1.2378,1.2378,1.2378,250
13:33,1.24,1.24,1.23,1.23,2000
13:36,1.2496,1.2496,1.2496,1.2496,1000
13:54,1.2495,1.2495,1.2495,1.2495,200
13:56,1.24,1.255,1.24,1.255,1745
13:57,1.255,1.255,1.24,1.24,1998
14:18,1.255,1.3,1.255,1.29,11762
14:19,1.295,1.33,1.295,1.32,72084
14:20,1.335,1.335,1.3,1.3,12252
14:21,1.3,1.3,1.3,1.3,300
14:22,1.3095,1.3095,1.3095,1.3095,1005
14:23,1.3,1.3,1.28,1.28,2955
14:38,1.298,1.298,1.298,1.298,1000
14:41,1.299,1.299,1.299,1.299,2000
14:53,1.2989,1.2989,1.2989,1.2989,512
14:56,1.2989,1.2989,1.2989,1.2989,391
14:57,1.2909,1.2909,1.2909,1.2909,843
14:58,1.29,1.29,1.28,1.28,1455
15:00,1.29,1.29,1.285,1.285,7207
15:03,1.285,1.285,1.285,1.285,581
15:04,1.2855,1.2855,1.285,1.285,400
15:05,1.2892,1.2892,1.2892,1.2892,182
15:10,1.2893,1.2893,1.2893,1.2893,200
15:30,1.285,1.285,1.285,1.285,167
15:31,1.285,1.2899,1.285,1.285,4210
15:33,1.285,1.285,1.285,1.285,1900
15:34,1.285,1.285,1.285,1.285,1169
15:41,1.2805,1.2805,1.2805,1.2805,300
15:42,1.2849,1.2849,1.2849,1.2849,100
15:44,1.285,1.285,1.285,1.285,1400
15:45,1.2881,1.2881,1.2881,1.2881,473
15:46,1.285,1.2871,1.285,1.2871,1113
15:47,1.285,1.285,1.285,1.285,300
15:49,1.285,1.285,1.285,1.285,519
15:50,1.29,1.29,1.29,1.29,414
15:54,1.2892,1.2892,1.2892,1.2892,131
15:56,1.2895,1.2895,1.285,1.285,715
15:57,1.285,1.285,1.285,1.285,297
15:58,1.2805,1.285,1.28,1.28,1338
15:59,1.28,1.285,1.28,1.28,2147
